"","Scientific.name","agreement.number","partner.in.agreement","X1..Land.Water.Management","X2..Species.Management","X3..Awareness.raising","X4..law.enforcement.and.prosecution","X5..livelihood..economic.and.moral.incentrives","X6..Conservation.Design.and.Planning","X7..Legal.and.Policy.frameworks","X8..Research.and.monitoring","X9..Education.and.Training","X10..Institutional.Development","funding","Common.name","type_of_org"
"1","Aliciella caespitosa","doc 1 Conservation agreement","BLM",1,0,0,0,0,1,0,1,1,0,0,"WONDERLAND ALICE-FLOWER","BLM"
"2","Aliciella caespitosa","doc 1 Conservation agreement","NPS",0,0,0,0,0,1,0,1,1,0,0,"WONDERLAND ALICE-FLOWER","FO"
"3","Aliciella caespitosa","doc 1 Conservation agreement","USFS Fishlake National Forest",1,0,0,0,0,1,0,1,1,0,0,"WONDERLAND ALICE-FLOWER","USFS"
"4","Aliciella caespitosa","doc 1 Conservation agreement","USFWS",0,0,0,0,0,1,1,0,1,0,0,"WONDERLAND ALICE-FLOWER","USFWS"
"5","Allium gooddingii","doc 1 CCA","USFS Southwestern Region",1,1,0,0,0,0,1,1,0,1,0,"GOODING'S ONION","USFS"
"6","Allium gooddingii","doc 1 CCA","USFWS Southwest Region",1,0,0,0,0,0,1,0,1,1,0,"GOODING'S ONION","USFWS"
"7","Astragalus anserinus","doc 1","BLM",1,1,0,0,0,0,0,0,0,0,1,"GOOSE CREEK MILKVETCH","BLM"
"8","Astragalus anserinus","doc 1","USFWS",0,0,0,0,0,0,0,0,0,0,1,"GOOSE CREEK MILKVETCH","USFWS"
"9","Castilleja christii","doc 1 CCA","USFS",1,0,1,0,0,1,1,1,0,1,1,"CHRISTÕS PAINTBRUSH","USFS"
"10","Castilleja christii","doc 1 CCA","USFWS",1,1,1,0,0,1,1,1,1,1,0,"CHRISTÕS PAINTBRUSH","USFWS"
"11","Cicindela albissima","doc 1 conservation agreement and strategy","B. Kinsely",1,1,0,0,0,0,0,0,0,0,0,"CORAL PINK SAND DUNES TIGER BEETLE","P"
"12","Cicindela albissima","doc 1 conservation agreement and strategy","BLM Utah State office",1,0,0,0,0,0,0,0,1,0,1,"CORAL PINK SAND DUNES TIGER BEETLE","BLM"
"13","Cicindela albissima","doc 1 conservation agreement and strategy","Coral Pink Sand Dunes State Park",1,0,0,0,0,0,0,0,1,0,1,"CORAL PINK SAND DUNES TIGER BEETLE","SL"
"14","Cicindela albissima","doc 1 conservation agreement and strategy","Kane County",0,0,0,0,0,0,0,0,0,0,0,"CORAL PINK SAND DUNES TIGER BEETLE","SG"
"15","Cicindela albissima","doc 1 conservation agreement and strategy","USFWS Utah Field Office",0,0,0,0,0,0,0,0,1,0,1,"CORAL PINK SAND DUNES TIGER BEETLE","USFWS"
"16","Cicindela albissima","doc 1 conservation agreement and strategy","Utah Department of Parks and Recreation",0,0,0,0,0,0,0,0,0,0,0,"CORAL PINK SAND DUNES TIGER BEETLE","SL"
"17","Cimicifuga arizonica","doc 1 conservation agreement","BLM",0,0,0,0,0,0,0,1,0,1,1,"ARIZONA BUGBANE","BLM"
"18","Cimicifuga arizonica","doc 1 conservation agreement","USFS",1,1,0,0,0,1,0,1,0,1,0,"ARIZONA BUGBANE","USFS"
"19","Cimicifuga arizonica","doc 1 conservation agreement","USFWS",0,0,0,0,0,0,1,1,1,1,1,"ARIZONA BUGBANE","USFWS"
"20","Erigeron basalticus","doc 1","NPS",0,0,0,0,0,1,0,1,0,0,0,"BASALT DAISY","FO"
"21","Erigeron basalticus","doc 1","Rare Care",0,1,0,0,0,0,0,0,0,0,0,"BASALT DAISY","R"
"22","Euphydryas anicia cloudcrofti","doc 1 conservation plan","Otero County",0,0,0,0,0,0,0,0,0,0,1,"SACRAMENTO MOUNTAINS CHECKERSPOT BUTTERFLY","SG"
"23","Euphydryas anicia cloudcrofti","doc 1 conservation plan","USFS Lincoln National Forest",1,0,0,0,0,0,0,1,0,0,1,"SACRAMENTO MOUNTAINS CHECKERSPOT BUTTERFLY","USFS"
"24","Euphydryas anicia cloudcrofti","doc 1 conservation plan","USFWS Ecological Services New Mexico Field Office",0,1,0,0,0,0,0,1,0,0,1,"SACRAMENTO MOUNTAINS CHECKERSPOT BUTTERFLY","USFWS"
"25","Euphydryas anicia cloudcrofti","doc 1 conservation plan","Village of Cloudcroft",1,0,0,0,0,0,0,0,1,1,1,"SACRAMENTO MOUNTAINS CHECKERSPOT BUTTERFLY","SG"
"26","Fallicambarus gordoni","doc 1 CCA","Mississippi Army National Guard",0,0,0,0,0,0,0,0,0,0,0,"CAMP SHELBY BURROWING CRAYFISH","M"
"27","Fallicambarus gordoni","doc 1 CCA","Mississippi National Guard",1,0,1,0,1,1,0,1,0,1,0,"CAMP SHELBY BURROWING CRAYFISH","M"
"28","Fallicambarus gordoni","doc 1 CCA","USFS DeSoto National Forest",1,0,1,0,1,1,0,1,0,1,0,"CAMP SHELBY BURROWING CRAYFISH","USFS"
"29","Fallicambarus gordoni","doc 1 CCA","USFWS Southeast Region",0,0,1,0,0,0,0,0,0,0,0,"CAMP SHELBY BURROWING CRAYFISH","USFWS"
"30","Horkelia hendersonii","doc 1","Oregon Natural Heritage Program",0,0,0,0,0,0,0,0,0,0,0,"HENDERSON'S HORKELIA","R"
"31","Horkelia hendersonii","doc 1","USFS",1,1,0,0,0,0,0,0,0,0,0,"HENDERSON'S HORKELIA","USFS"
"32","Horkelia hendersonii","doc 1","USFWS",0,0,0,0,0,0,0,0,1,1,1,"HENDERSON'S HORKELIA","USFWS"
"33","Iotichthys phlegethontis","doc 1","BLM Provo Area Office",1,1,0,0,0,0,0,1,0,1,0,"LEAST CHUB","BLM"
"34","Iotichthys phlegethontis","doc 1","Bureau of Reclamation",1,0,0,0,0,1,0,1,0,1,0,"LEAST CHUB","FO"
"35","Iotichthys phlegethontis","doc 1","Central Utah Water Conservancy District",1,0,0,0,0,1,0,0,0,1,0,"LEAST CHUB","C"
"36","Iotichthys phlegethontis","doc 1","Confederated tribes of the goshute reservation",1,1,0,0,0,0,0,1,0,1,0,"LEAST CHUB","P"
"37","Iotichthys phlegethontis","doc 1","Southern Nevada Water Authority",1,0,0,0,0,1,0,0,0,1,0,"LEAST CHUB","C"
"38","Iotichthys phlegethontis","doc 1","USFWS",0,0,0,0,0,0,1,0,0,1,1,"LEAST CHUB","USFWS"
"39","Iotichthys phlegethontis","doc 1","Utah Division of Wildlife Resources",0,0,0,1,0,0,0,1,0,1,0,"LEAST CHUB","SW"
"40","Iotichthys phlegethontis","doc 1","Utah Reclamation Mitigation and Conservation Commission",1,1,0,0,0,1,0,0,0,1,0,"LEAST CHUB","FO"
"41","Lepidium papilliferum","doc 2 Integrated Natrual Resource Mangagement Plan","366th wing",0,1,0,0,0,0,0,0,0,0,0,"SLICKSPOT PEPPERGRASS","M"
"42","Lepidium papilliferum","doc 2 Integrated Natrual Resource Mangagement Plan","BLM",0,1,0,0,0,0,0,0,0,0,0,"SLICKSPOT PEPPERGRASS","BLM"
"43","Lepidium papilliferum","doc 2 Integrated Natrual Resource Mangagement Plan","The Air force",1,1,0,0,0,0,0,1,0,0,0,"SLICKSPOT PEPPERGRASS","M"
"44","Lithobates onca","doc 1 CCAA","cooperator (unspecified landowner)",1,0,0,0,0,0,0,0,0,1,0,"RELICT LEOPARD FROG","P"
"45","Lithobates onca","doc 1 CCAA","Nevada Department of Wildlife",1,1,0,0,1,1,1,1,1,1,1,"RELICT LEOPARD FROG","SW"
"46","Lithobates onca","doc 1 CCAA","USFWS Southern Nevada Fish and Wildlife Office",0,0,0,0,1,0,1,1,0,1,1,"RELICT LEOPARD FROG","USFWS"
"47","Lupinus aridus ssp. ashlandensis","doc 1 conservation agreement","USFS",1,1,0,0,0,0,0,1,0,0,0,"ASHLAND LUPINE","USFS"
"48","Lupinus aridus ssp. ashlandensis","doc 1 conservation agreement","USFWS",0,0,0,0,0,0,0,1,0,1,1,"ASHLAND LUPINE","USFWS"
"49","Moxostoma","doc 1 CCA","Duke Energy Carolinas",1,1,0,0,0,1,0,1,0,1,1,"SICKLEFIN REDHORSE","C"
"50","Moxostoma","doc 1 CCA","Eastern Band of Cherokee Indians",0,1,0,0,0,0,0,1,0,0,0,"SICKLEFIN REDHORSE","P"
"51","Moxostoma","doc 1 CCA","Georgia Department of Natural Resources",0,0,0,0,0,0,0,1,0,1,0,"SICKLEFIN REDHORSE","R"
"52","Moxostoma","doc 1 CCA","North Carolina Wildlife Resources Commission",0,1,0,0,0,0,0,1,0,1,0,"SICKLEFIN REDHORSE","SW"
"53","Moxostoma","doc 1 CCA","Tennessee Valley Authority",1,1,0,0,0,0,0,1,0,1,1,"SICKLEFIN REDHORSE","C"
"54","Moxostoma","doc 1 CCA","USFWS",0,1,0,0,0,0,0,0,0,0,1,"SICKLEFIN REDHORSE","USFWS"
"55","Nerodia erythrogaster neglecta","doc 1 website","DOI Office of Surface MIning reclamation and Enforcement",1,0,0,1,0,1,1,0,1,0,0,"COPPERBELLY WATER SNAKE","FO"
"56","Nerodia erythrogaster neglecta","doc 1 website","Indiana Coal Council",0,0,0,0,0,1,0,0,0,0,0,"COPPERBELLY WATER SNAKE","N"
"57","Nerodia erythrogaster neglecta","doc 1 website","Kentucky Coal Association",1,0,1,0,0,1,0,0,0,0,0,"COPPERBELLY WATER SNAKE","N"
"58","Nerodia erythrogaster neglecta","doc 1 website","Kentucky Department of Fish and Wildlife Resources",1,0,0,1,0,1,1,0,1,0,0,"COPPERBELLY WATER SNAKE","SW"
"59","Nerodia erythrogaster neglecta","doc 1 website","Kentucky Farm Bureau",1,0,1,0,0,1,0,0,0,0,0,"COPPERBELLY WATER SNAKE","N"
"60","Nerodia erythrogaster neglecta","doc 1 website","USFWS",1,0,0,1,0,1,1,0,1,0,0,"COPPERBELLY WATER SNAKE","USFWS"
"61","Nerodia erythrogaster neglecta","doc 1 website","Western Kentucky Coal Association",1,0,1,0,0,1,0,0,0,0,0,"COPPERBELLY WATER SNAKE","N"
"62","Oncorhynchus clarkii virginalis","doc 1 CCAA","New Mexico Department of Game and Fish",1,0,0,0,0,0,0,1,0,1,0,"RIO GRANDE CUTTHROAT TROUT","SW"
"63","Oncorhynchus clarkii virginalis","doc 1 CCAA","USFWS Albuquerque New Mexico Ecological Services Field Office",1,0,0,0,0,0,0,0,0,1,0,"RIO GRANDE CUTTHROAT TROUT","USFWS"
"64","Oncorhynchus clarkii virginalis","doc 1 CCAA","Vermejo Park Ranch",1,1,0,0,0,0,0,0,0,1,0,"RIO GRANDE CUTTHROAT TROUT","P"
"65","Oncorhynchus mykiss aquilarum","doc 1A Lassen County","California Department of Fish and Wildlife",1,1,1,0,0,0,0,1,0,0,0,"EAGLE LAKE TROUT ","SW"
"66","Oncorhynchus mykiss aquilarum","doc 1A Lassen County","USFS Pacific Southwest Region Eagle Lake Ranger District Lassen national Forest",1,1,1,0,0,0,0,1,0,0,0,"EAGLE LAKE TROUT ","USFS"
"67","Oncorhynchus mykiss aquilarum","doc 1A Lassen County","USFWS Pacific Southwest Region Sacramento Office",0,0,1,0,0,0,0,0,0,0,0,"EAGLE LAKE TROUT ","USFWS"
"68","Oncorhynchus mykiss ssp.","doc 1 CCA","Bob McIntsh (Private landowner)",0,0,0,0,0,0,0,0,0,0,0,"MCCLOUD RIVER REDBAND TROUT","P"
"69","Oncorhynchus mykiss ssp.","doc 1 CCA","Califonia Department of Fish and Game",0,0,0,0,0,1,1,0,0,0,0,"MCCLOUD RIVER REDBAND TROUT","SW"
"70","Oncorhynchus mykiss ssp.","doc 1 CCA","California Department of Fish and Game",0,0,0,0,0,0,0,1,0,0,0,"MCCLOUD RIVER REDBAND TROUT","SW"
"71","Oncorhynchus mykiss ssp.","doc 1 CCA","Hearest Corporation",0,0,0,0,0,0,0,0,0,0,0,"MCCLOUD RIVER REDBAND TROUT","C"
"72","Oncorhynchus mykiss ssp.","doc 1 CCA","John Hancock Mutual Life Insurace Company",0,0,0,0,0,0,0,0,0,0,0,"MCCLOUD RIVER REDBAND TROUT","C"
"73","Oncorhynchus mykiss ssp.","doc 1 CCA","Private landowners",1,0,0,0,0,1,0,0,0,0,1,"MCCLOUD RIVER REDBAND TROUT","P"
"74","Oncorhynchus mykiss ssp.","doc 1 CCA","Private Landowners",0,0,0,0,0,1,0,0,0,0,0,"MCCLOUD RIVER REDBAND TROUT","P"
"75","Oncorhynchus mykiss ssp.","doc 1 CCA","Sierra Pacific Industries",0,0,0,0,0,0,0,0,0,0,0,"MCCLOUD RIVER REDBAND TROUT","C"
"76","Oncorhynchus mykiss ssp.","doc 1 CCA","Siskiyou County Board of Supervisors",0,0,0,0,0,0,0,0,0,0,0,"MCCLOUD RIVER REDBAND TROUT","SG"
"77","Oncorhynchus mykiss ssp.","doc 1 CCA","USFS Shasta Trinity National Forest",1,0,0,0,0,1,0,0,0,0,1,"MCCLOUD RIVER REDBAND TROUT","USFS"
"78","Oncorhynchus mykiss ssp.","doc 1 CCA","USFWS Sacramento Fish and Wildlife office",0,0,0,0,0,0,0,0,0,0,0,"MCCLOUD RIVER REDBAND TROUT","USFWS"
"79","Opuntia X multigeniculata","doc 1 HCP","BLM",1,1,0,0,0,1,0,0,0,0,0,"BLUE DIAMOND CHOLLA","BLM"
"80","Pediocactus paradinei","doc 1","BLM",1,0,0,0,0,0,0,0,0,0,0,"KAIBAB PLAINS CACTUS","BLM"
"81","Pediocactus paradinei","doc 1","USFS",1,0,0,0,0,0,1,0,0,0,0,"KAIBAB PLAINS CACTUS","USFS"
"82","Pediocactus paradinei","doc 1","USFWS",1,0,0,0,0,0,0,0,0,1,1,"KAIBAB PLAINS CACTUS","USFWS"
"83","Penstemon scariosus albifluvis","doc 1 Conservation agreement","BLM Vernal Field Office",1,0,0,0,0,1,0,0,0,1,0,"WHITE RIVER BEARDTONGUE","BLM"
"84","Penstemon scariosus albifluvis","doc 1 Conservation agreement","BLM White River Field Office",1,0,0,0,0,1,0,0,0,1,0,"WHITE RIVER BEARDTONGUE","BLM"
"85","Penstemon scariosus albifluvis","doc 1 Conservation agreement","Uintah County",1,0,0,0,0,1,0,0,0,1,0,"WHITE RIVER BEARDTONGUE","SG"
"86","Penstemon scariosus albifluvis","doc 1 Conservation agreement","USFWS Utah Ecological Services Field Office",1,0,0,0,0,1,0,0,0,1,0,"WHITE RIVER BEARDTONGUE","USFWS"
"87","Penstemon scariosus albifluvis","doc 1 Conservation agreement","USFWS Western Colorado Field Office",1,0,0,0,0,1,0,0,0,1,0,"WHITE RIVER BEARDTONGUE","USFWS"
"88","Penstemon scariosus albifluvis","doc 1 Conservation agreement","Utah Division of Wildlife Resources",1,0,0,0,0,1,0,0,0,1,0,"WHITE RIVER BEARDTONGUE","SW"
"89","Penstemon scariosus albifluvis","doc 1 Conservation agreement","Utah Governor Public Lands Policy Coordination Office",1,0,0,0,0,1,0,0,0,1,0,"WHITE RIVER BEARDTONGUE","SG"
"90","Penstemon scariosus albifluvis","doc 1 Conservation agreement","Utah School and Institutional Trust Lands Administration",1,0,0,0,0,1,0,0,0,1,0,"WHITE RIVER BEARDTONGUE","SL"
"91","Phacelia stellaris","doc 1 CCA","California State Parks",1,1,0,0,0,0,0,1,1,1,0,"BRAND'S PHACELIA","SL"
"92","Phacelia stellaris","doc 1 CCA","US Customs and Border Protection",1,1,0,0,0,0,0,1,0,1,0,"BRAND'S PHACELIA","FO"
"93","Phacelia stellaris","doc 1 CCA","US Marine Corps",1,0,0,0,0,0,0,1,0,0,0,"BRAND'S PHACELIA","M"
"94","Phacelia stellaris","doc 1 CCA","US Navy",1,1,0,0,0,0,1,1,0,1,0,"BRAND'S PHACELIA","M"
"95","Phacelia stellaris","doc 1 CCA","USFWS Carlsbad Fish and Wildlife Office",0,0,0,0,0,0,0,0,0,0,0,"BRAND'S PHACELIA","USFWS"
"96","Phrynosoma mcallii","doc 1","Anza-Borrego Desert State Park",1,0,0,1,0,1,1,1,1,1,1,"FLAT-TAILED HORNED LIZARD","SL"
"97","Phrynosoma mcallii","doc 1","Arizona Game and Fish Department",1,0,0,1,0,1,1,1,1,1,0,"FLAT-TAILED HORNED LIZARD","SW"
"98","Phrynosoma mcallii","doc 1","BLM",1,0,0,1,0,1,1,1,1,1,1,"FLAT-TAILED HORNED LIZARD","BLM"
"99","Phrynosoma mcallii","doc 1","BLM El Centro",1,0,0,1,0,1,1,1,1,1,0,"FLAT-TAILED HORNED LIZARD","BLM"
"100","Phrynosoma mcallii","doc 1","BLM Palm Springs",1,0,0,1,0,1,1,1,1,1,0,"FLAT-TAILED HORNED LIZARD","BLM"
"101","Phrynosoma mcallii","doc 1","BLM Yuma",1,0,0,1,0,1,1,1,1,1,0,"FLAT-TAILED HORNED LIZARD","BLM"
"102","Phrynosoma mcallii","doc 1","Bureau of Reclamation",1,0,0,1,0,1,1,1,1,1,0,"FLAT-TAILED HORNED LIZARD","FO"
"103","Phrynosoma mcallii","doc 1","California Department of Fish and Game",1,0,0,1,0,1,1,1,1,1,1,"FLAT-TAILED HORNED LIZARD","SW"
"104","Phrynosoma mcallii","doc 1","California Department of Parks and Recreation",1,0,0,1,0,1,1,1,1,1,0,"FLAT-TAILED HORNED LIZARD","SW"
"105","Phrynosoma mcallii","doc 1","California State Parks",1,0,0,1,0,1,1,1,1,1,0,"FLAT-TAILED HORNED LIZARD","SL"
"106","Phrynosoma mcallii","doc 1","Ocotillo Wells State Vehicular Recreation Area",1,0,0,1,0,1,1,1,1,1,1,"FLAT-TAILED HORNED LIZARD","SL"
"107","Phrynosoma mcallii","doc 1","U.S. Marine Corps",1,0,0,1,0,1,1,1,1,1,0,"FLAT-TAILED HORNED LIZARD","M"
"108","Phrynosoma mcallii","doc 1","U.S. Navy",1,0,0,1,0,1,1,1,1,1,0,"FLAT-TAILED HORNED LIZARD","M"
"109","Phrynosoma mcallii","doc 1","US Bureau of Reclamation Yuma",1,0,0,1,0,1,1,1,1,1,0,"FLAT-TAILED HORNED LIZARD","FO"
"110","Phrynosoma mcallii","doc 1","US Marine Corps Air Station Yuma",1,0,0,1,0,1,1,1,1,1,0,"FLAT-TAILED HORNED LIZARD","M"
"111","Phrynosoma mcallii","doc 1","US Naval Air Facility El Centro",1,0,0,1,0,1,1,1,1,1,0,"FLAT-TAILED HORNED LIZARD","M"
"112","Phrynosoma mcallii","doc 1","US Navy SW Division",1,0,0,1,0,1,1,1,1,1,0,"FLAT-TAILED HORNED LIZARD","M"
"113","Phrynosoma mcallii","doc 1","USFWS",1,0,0,1,0,1,1,1,1,1,0,"FLAT-TAILED HORNED LIZARD","USFWS"
"114","Phrynosoma mcallii","doc 1","USFWS Carlsbad",1,0,0,1,0,1,1,1,1,1,0,"FLAT-TAILED HORNED LIZARD","USFWS"
"115","Phrynosoma mcallii","doc 1","USFWS Phoenix",1,0,0,1,0,1,1,1,1,1,0,"FLAT-TAILED HORNED LIZARD","USFWS"
"116","Potentilla basaltica","doc 1","BLM",1,0,0,0,0,1,0,1,1,0,0,"SOLDIER MEADOW CINQUEFOIL","BLM"
"117","Potentilla basaltica","doc 1","Nevada Division of Wildlife",1,0,0,0,0,0,0,1,0,0,0,"SOLDIER MEADOW CINQUEFOIL","SW"
"118","Potentilla basaltica","doc 1","USFWS",1,1,0,0,0,0,0,1,1,0,0,"SOLDIER MEADOW CINQUEFOIL","USFWS"
"119","Pseudanophthalmus catorycetes","doc 1","Southern Conservation Corporation",1,0,0,0,0,1,0,0,0,1,0,"Lesser Adams cave bettle ","N"
"120","Pseudanophthalmus catorycetes","doc 1","USFWS",0,0,0,0,0,0,0,0,0,1,0,"Lesser Adams cave bettle ","USFWS"
"121","Pseudanophthalmus inexpectatus","doc 1 - info taken from federal registry","NPS",1,0,0,0,0,1,0,0,0,0,0,"SURPRISING CAVE BEETLE","FO"
"122","Pseudanophthalmus inexpectatus","doc 1 - info taken from federal registry","USFWS",1,0,0,0,0,1,0,0,0,0,0,"SURPRISING CAVE BEETLE","USFWS"
"123","Pseudanophthalmus pholeter","doc 1","Southern Conservation Corporation",1,0,0,0,0,1,0,0,0,1,0,"GREATER ADAMS CAVE BEETLE","N"
"124","Pseudanophthalmus pholeter","doc 1","USFWS",0,0,0,0,0,0,0,0,0,1,0,"GREATER ADAMS CAVE BEETLE","USFWS"
"125","Pyrgulopsis morrisoni","doc 1 CCAA","Arizona Game and Fish Department",1,1,0,0,0,0,0,1,0,1,0,"PAGE SPRINGSNAIL","SW"
"126","Pyrgulopsis morrisoni","doc 1 CCAA","unspecified landowner",1,1,0,0,0,0,0,1,0,0,0,"PAGE SPRINGSNAIL","P"
"127","Pyrgulopsis morrisoni","doc 1 CCAA","USFWS",0,0,0,0,0,0,0,1,0,1,0,"PAGE SPRINGSNAIL","USFWS"
"128","Sceloporus arenicolus","doc 1 a CCA","BLM",0,0,0,0,0,1,1,1,0,1,0,"DUNES SAGEBRUSH LIZARD","BLM"
"129","Sceloporus arenicolus","doc 1 a CCA","Center of Excellence for Hazardous Materials Management (CEHMM)",0,0,0,0,1,0,1,1,1,1,1,"DUNES SAGEBRUSH LIZARD","N"
"130","Sceloporus arenicolus","doc 1 a CCA","New Mexico Department of Game and Fish",0,0,0,0,0,1,0,1,0,1,0,"DUNES SAGEBRUSH LIZARD","SW"
"131","Sceloporus arenicolus","doc 1 a CCA","Participating cooperators",1,0,0,0,0,1,0,0,0,1,1,"DUNES SAGEBRUSH LIZARD","P"
"132","Sceloporus arenicolus","doc 1 a CCA","USFWS",0,0,0,0,0,1,0,1,0,1,0,"DUNES SAGEBRUSH LIZARD","USFWS"
"133","Sceloporus arenicolus","doc 1 b CCAA","Center of Excellence for Hazardous Materials Management (CEHMM)",0,0,0,0,0,0,1,0,0,1,1,"DUNES SAGEBRUSH LIZARD","N"
"134","Sceloporus arenicolus","doc 1 b CCAA","New Mexico Department of Game and Fish",0,0,0,0,0,0,0,0,0,0,0,"DUNES SAGEBRUSH LIZARD","SW"
"135","Sceloporus arenicolus","doc 1 b CCAA","NRCS",0,0,0,0,0,0,0,0,1,0,0,"DUNES SAGEBRUSH LIZARD","FO"
"136","Sceloporus arenicolus","doc 1 b CCAA","Participating landowners",1,0,0,0,0,1,1,0,0,1,1,"DUNES SAGEBRUSH LIZARD","P"
"137","Sceloporus arenicolus","doc 1 b CCAA","USFWS",0,0,0,0,0,0,0,0,1,0,0,"DUNES SAGEBRUSH LIZARD","USFWS"
"138","Sceloporus arenicolus","doc 1 b CCAA","USFWS Southwest Region",0,0,0,0,0,0,1,0,0,1,1,"DUNES SAGEBRUSH LIZARD","USFWS"
"139","Sceloporus arenicolus","doc 1 b CCAA","USFWS Southwest Region",0,0,0,0,0,0,1,0,0,1,1,"DUNES SAGEBRUSH LIZARD","USFWS"
"140","Solidago plumosa","doc 1 cca","Alcoa Power Generating Inc",1,0,1,0,0,0,0,1,0,1,0,"YADKIN RIVER GOLDENROD","C"
"141","Solidago plumosa","doc 1 cca","North Carolina Department of Agriculture & Consumer Services Plant Conservation Program",0,0,0,0,0,0,0,1,0,0,0,"YADKIN RIVER GOLDENROD","SL"
"142","Solidago plumosa","doc 1 cca","USFWS Service Asheville Field Office",0,0,0,0,0,0,0,1,0,0,0,"YADKIN RIVER GOLDENROD","USFWS"
"143","Sonorella macrophallus","doc 1 Conservation Assessment and Strategy","Arizona Game and Fish Department",0,0,0,0,0,0,0,1,1,0,0,"WET CANYON TALUSSNAIL","SW"
"144","Sonorella macrophallus","doc 1 Conservation Assessment and Strategy","USFS Coronado National Forest Safford Ranger District",0,0,0,0,0,1,1,1,1,0,0,"WET CANYON TALUSSNAIL","USFS"
"145","Sonorella macrophallus","doc 1 Conservation Assessment and Strategy","USFWS Arizona Ecological Services Field Office",0,0,0,0,0,1,0,1,1,0,0,"WET CANYON TALUSSNAIL","USFWS"
"146","Sylvilagus transitionalis","doc 2 CCAA NH","EDF",0,0,0,0,0,0,0,0,0,0,0,"NEW ENGLAND COTTONTAIL","N"
"147","Sylvilagus transitionalis","doc 2 CCAA NH","New Hampshire Fish and Game",1,0,1,0,0,1,1,0,0,1,0,"NEW ENGLAND COTTONTAIL","SW"
"148","Sylvilagus transitionalis","doc 2 CCAA NH","USFWS",0,0,0,0,0,0,1,0,0,1,0,"NEW ENGLAND COTTONTAIL","USFWS"
"149","Sylvilagus transitionalis","doc 3 CCAA ME","EDF",0,0,0,0,0,0,0,0,0,0,0,"NEW ENGLAND COTTONTAIL","N"
"150","Sylvilagus transitionalis","doc 3 CCAA ME","Maine Department of Inland Fisheries and Wildlife",1,0,1,0,0,1,1,0,0,1,0,"NEW ENGLAND COTTONTAIL","SW"
"151","Sylvilagus transitionalis","doc 3 CCAA ME","USFWS",0,0,0,0,0,0,1,0,0,1,0,"NEW ENGLAND COTTONTAIL","USFWS"
"152","Thymallus arcticus","doc 1 CCAA","Montana Department of Natural Resources and Conservation",1,0,0,0,0,1,0,1,0,1,0,"ARCTIC GRAYLING- UPPER MISSOURI RIVER DPS","SL"
"153","Thymallus arcticus","doc 1 CCAA","Natural Resources Conservation Service",1,0,0,0,0,1,0,1,0,1,1,"ARCTIC GRAYLING- UPPER MISSOURI RIVER DPS","FO"
"154","Thymallus arcticus","doc 1 CCAA","Participating landowners",1,0,0,0,0,1,0,0,0,0,0,"ARCTIC GRAYLING- UPPER MISSOURI RIVER DPS","P"
"155","Thymallus arcticus","doc 1 CCAA","USFWS",0,0,0,0,0,1,1,1,0,1,0,"ARCTIC GRAYLING- UPPER MISSOURI RIVER DPS","USFWS"
"156","Thymallus arcticus","doc 2 Dillon Resource Management Plan (RMP)","BLM Dillon Field Office",1,0,0,0,0,1,1,0,0,0,0,"ARCTIC GRAYLING- UPPER MISSOURI RIVER DPS","BLM"
"157","Urocitellus endemicus","doc 1 CCAA","Idaho Department of Fish and Game",0,1,0,0,0,1,1,1,0,0,1,"SOUTHERN IDAHO GROUND SQUIRREL","SW"
"158","Urocitellus endemicus","doc 1 CCAA","Idaho Governor's Office of Species Conservation",0,1,0,0,0,1,0,0,0,0,1,"SOUTHERN IDAHO GROUND SQUIRREL","SG"
"159","Urocitellus endemicus","doc 1 CCAA","Private landowner",1,1,0,0,0,0,0,0,0,1,1,"SOUTHERN IDAHO GROUND SQUIRREL","P"
"160","Urocitellus endemicus","doc 1 CCAA","USFWS",0,1,0,0,0,1,1,1,0,0,1,"SOUTHERN IDAHO GROUND SQUIRREL","USFWS"
"161","Urocitellus washingtoni","doc 1 Douglas County Multiple Species General Conservation Plan","BLM",1,0,0,0,0,1,0,1,1,1,0,"WASHINGTON GROUND SQUIRREL","BLM"
"162","Urocitellus washingtoni","doc 1 Douglas County Multiple Species General Conservation Plan","Farm Service Agency",0,0,0,0,0,0,0,0,0,1,0,"WASHINGTON GROUND SQUIRREL","FO"
"163","Urocitellus washingtoni","doc 1 Douglas County Multiple Species General Conservation Plan","Individual Property HCP Development",1,1,0,0,0,1,1,0,0,1,0,"WASHINGTON GROUND SQUIRREL","C"
"164","Urocitellus washingtoni","doc 1 Douglas County Multiple Species General Conservation Plan","Natural Resources Conservation Service",0,0,1,0,1,0,1,1,1,1,0,"WASHINGTON GROUND SQUIRREL","FO"
"165","Urocitellus washingtoni","doc 1 Douglas County Multiple Species General Conservation Plan","The Nature Conservancy",1,0,1,0,0,1,0,1,1,1,0,"WASHINGTON GROUND SQUIRREL","N"
"166","Urocitellus washingtoni","doc 1 Douglas County Multiple Species General Conservation Plan","USFWS",0,0,0,0,0,1,1,1,1,1,1,"WASHINGTON GROUND SQUIRREL","USFWS"
"167","Urocitellus washingtoni","doc 1 Douglas County Multiple Species General Conservation Plan","Washington State Department of Fish and Wildlife",1,0,1,0,0,1,1,1,1,1,1,"WASHINGTON GROUND SQUIRREL","SW"
"168","Urocitellus washingtoni","doc 1 Douglas County Multiple Species General Conservation Plan","Washington State Department of Natural Resources",1,0,0,0,0,1,1,1,0,1,0,"WASHINGTON GROUND SQUIRREL","SL"
"169","Urocitellus washingtoni","doc 2 Multi-Species Candidate Conservation Agreement with Assurances","Oregon Department of Fish and Wildlife",1,0,0,0,0,0,1,1,0,1,0,"WASHINGTON GROUND SQUIRREL","SW"
"170","Urocitellus washingtoni","doc 2 Multi-Species Candidate Conservation Agreement with Assurances","Portland General Electric",1,0,0,0,0,1,0,1,0,1,0,"WASHINGTON GROUND SQUIRREL","C"
"171","Urocitellus washingtoni","doc 2 Multi-Species Candidate Conservation Agreement with Assurances","The Nature Conservancy",1,0,0,0,0,1,0,1,0,1,0,"WASHINGTON GROUND SQUIRREL","N"
"172","Urocitellus washingtoni","doc 2 Multi-Species Candidate Conservation Agreement with Assurances","Threemile Canyon Farms",1,0,0,0,0,1,0,1,0,1,1,"WASHINGTON GROUND SQUIRREL","C"
"173","Urocitellus washingtoni","doc 2 Multi-Species Candidate Conservation Agreement with Assurances","USFWS",0,0,0,0,0,0,1,0,0,0,0,"WASHINGTON GROUND SQUIRREL","USFWS"
"174","Zaitzevia thermae","doc 1 Conservation Agreement and Strategy","Bozeman Fish Technology center (USFWS)",1,1,1,0,0,1,0,0,1,1,1,"WARM SPRINGS ZAITZEVIAN RIFFLE BEETLE","USFWS"
"175","Zaitzevia thermae","doc 1 Conservation Agreement and Strategy","EPA",0,0,0,0,0,0,0,0,0,0,0,"WARM SPRINGS ZAITZEVIAN RIFFLE BEETLE","FO"
"176","Zaitzevia thermae","doc 1 Conservation Agreement and Strategy","Montana State University",0,1,0,0,0,1,0,0,0,1,1,"WARM SPRINGS ZAITZEVIAN RIFFLE BEETLE","R"
"177","Zaitzevia thermae","doc 1 Conservation Agreement and Strategy","neighboring land owners",0,0,0,0,0,0,0,0,0,0,0,"WARM SPRINGS ZAITZEVIAN RIFFLE BEETLE","P"
"178","Zaitzevia thermae","doc 1 Conservation Agreement and Strategy","U.S. Army Corps of Engineers",0,0,0,0,0,0,0,0,0,0,0,"WARM SPRINGS ZAITZEVIAN RIFFLE BEETLE","M"
"179","Zaitzevia thermae","doc 1 Conservation Agreement and Strategy","USFWS",0,0,0,0,0,0,0,0,0,0,0,"WARM SPRINGS ZAITZEVIAN RIFFLE BEETLE","USFWS"
"180","Nerodia erythrogaster neglecta","doc 1 website","Illinois Department of Natural Resources",1,0,0,1,0,1,1,0,1,0,0,"COPPERBELLY WATER SNAKE","SW"
"181","Nerodia erythrogaster neglecta","doc 1 website","Illinois Department of Natural Resources",1,0,0,1,0,1,1,0,1,0,0,"COPPERBELLY WATER SNAKE","SL"
"182","Nerodia erythrogaster neglecta","doc 1 website","Indiana Department of Natural Resources",1,0,0,1,0,1,1,0,1,0,0,"COPPERBELLY WATER SNAKE","SW"
"183","Nerodia erythrogaster neglecta","doc 1 website","Indiana Department of Natural Resources",1,0,0,1,0,1,1,0,1,0,0,"COPPERBELLY WATER SNAKE","SL"
"184","Nerodia erythrogaster neglecta","doc 1 website","Kentucky Natural Resources and Environmental Cabinet",1,0,0,1,0,1,1,0,1,0,0,"COPPERBELLY WATER SNAKE","SW"
"185","Nerodia erythrogaster neglecta","doc 1 website","Kentucky Natural Resources and Environmental Cabinet",1,0,0,1,0,1,1,0,1,0,0,"COPPERBELLY WATER SNAKE","SL"
"186","Oncorhynchus clarkii virginalis","doc 1 CCAA","Colorado Division of Parks and Wildlife",1,1,0,0,0,0,0,1,0,1,0,"RIO GRANDE CUTTHROAT TROUT","SW"
"187","Oncorhynchus clarkii virginalis","doc 1 CCAA","Colorado Division of Parks and Wildlife",1,1,0,0,0,0,0,1,0,1,0,"RIO GRANDE CUTTHROAT TROUT","SL"
"188","Thymallus arcticus","doc 1 CCAA","Montana Fish Wildlife and Parks",1,0,0,0,0,1,1,0,0,1,1,"ARCTIC GRAYLING- UPPER MISSOURI RIVER DPS","SW"
"189","Thymallus arcticus","doc 1 CCAA","Montana Fish Wildlife and Parks",1,0,0,0,0,1,1,0,0,1,1,"ARCTIC GRAYLING- UPPER MISSOURI RIVER DPS","SL"
"190","Zaitzevia thermae","doc 1 Conservation Agreement and Strategy","Montana Fish Wildlife and Parks",0,0,0,0,0,1,0,0,0,1,1,"WARM SPRINGS ZAITZEVIAN RIFFLE BEETLE","SW"
"191","Zaitzevia thermae","doc 1 Conservation Agreement and Strategy","Montana Fish Wildlife and Parks",0,0,0,0,0,1,0,0,0,1,1,"WARM SPRINGS ZAITZEVIAN RIFFLE BEETLE","SL"
"192","Horkelia hendersonii","doc 1","Oregon Plant Conservation Program",0,0,0,0,0,0,0,0,0,0,0,"HENDERSON'S HORKELIA","SG"
"193","Horkelia hendersonii","doc 1","Oregon Plant Conservation Program",0,0,0,0,0,0,0,0,0,0,0,"HENDERSON'S HORKELIA","R"
"194","Fallicambarus gordoni","doc 1 CCA","Mississippi Department of Wildlife & Mississippi Museum of Natural Sciences",0,0,1,0,0,0,0,0,0,0,0,"CAMP SHELBY BURROWING CRAYFISH","SW"
"195","Fallicambarus gordoni","doc 1 CCA","Mississippi Department of Wildlife & Mississippi Museum of Natural Sciences",0,0,1,0,0,0,0,0,0,0,0,"CAMP SHELBY BURROWING CRAYFISH","R"
