"","scientific_name","common_name","partner_names","total","FedAg_w_collab","wo_FedAg_w_collab","count_w_FedAg_wo_collab","count_wo_FedAg_wo_collab","count_collab","count_w_FedAg_w_collab","count_wo_FedAg_w_collab"
"1","Calochortus persistens","SISKIYOU MARIPOSA LILY",NA,NA,"","",NA,NA,NA,0,0
"2","Allium gooddingii","GOODING'S ONION","USFS, USFWS",2,"USFS Southwestern Region, USFWS Southwest Region","USFS, USFWS",2,2,NA,2,2
"3","Astragalus cusickii var. packardiae","PACKARDS MILKVETCH","BLM",1,"BLM","BLM",1,1,NA,1,1
"4","Thymallus arcticus","ARCTIC GRAYLING- UPPER MISSOURI RIVER DPS","Montana Department of Fish Wildlife and Parks, USFWS, BLM",3,"Montana Department of Fish Wildlife and Parks, USFWS, BLM Dillon Field Office,Montana Department of Natural Resources and Conservation, NRCS, Beaverhead County, Madison County","Montana Department of Fish Wildlife and Parks, USFWS, BLM,Montana Department of Natural Resources and Conservation, NRCS, Beaverhead County, Madison County",3,3,4,7,7
"5","Cimicifuga arizonica","ARIZONA BUGBANE","USFS, USFWS",2,"USFS Coconino National Forest, USFS Kaibab National Forest, USFS Tonto National Forest, UFWS Service Arizona Ecological Services Field Office","USFS, UFWS",4,2,NA,4,2
"6","Lupinus aridus ssp. ashlandensis","ASHLAND LUPINE","USFS, USFWS",2,"USFWS Oregon State Office, USFS Rouge River NF,  USFS Klamath National Forest, USFS Scott River and Oak Knoll Ranger Districts,Oregon Plant Conservation Program, Oregon Natural Heritage Program","USFWS, USFS,Oregon Plant Conservation Program, Oregon Natural Heritage Program",4,2,2,6,4
"7","Erigeron basalticus","BASALT DAISY",NA,2,"Rare Care, NPS","Rare Care, NPS",2,2,NA,2,2
"8","Pseudanophthalmus major","BEAVER CAVE BEETLE","Kentucky Ecological Services Field Office, Owner of the Beaver Cave property,  Kentucky Department of Fish and Wildlife Resources,  NRCS,  Farm Service Agency,  Kentucky State Nature Preserves Commission,  Kentucky Division of Forestry",7,"Kentucky Ecological Services Field Office, Owner of the Beaver Cave property,  Kentucky Department of Fish and Wildlife Resources,  NRCS,  Farm Service Agency,  Kentucky State Nature Preserves Commission,  Kentucky Division of Forestry","Kentucky Ecological Services Field Office, Owner of the Beaver Cave property,  Kentucky Department of Fish and Wildlife Resources,  NRCS,  Farm Service Agency,  Kentucky State Nature Preserves Commission,  Kentucky Division of Forestry",7,7,NA,7,7
"9","Opuntia X multigeniculata","BLUE DIAMOND CHOLLA","BLM",1,"BLM","BLM",1,1,NA,1,1
"10","Phacelia stellaris","BRAND'S PHACELIA","California Department of Fish and Game, California Department of Forestry and Fire Protection, California Department of Parks and Recreation, Center for Natural Lands Management, City of Riverside Park and Recreation Department, Metropolitan Water District, Riverside County Environmental Programs Department, Riverside County Habitat Conservation Agency, Riverside County Regional Park and Open-Space District, Riverside Land Conservancy, San Diego State University Field Stations Program, The Nature Conservancy, University of California Riverside, BLM, USFWS, USFS, US Navy, US Marine Corps, US Customs and Border Protection, California State Parks",20,"California Department of Fish and Game, California Department of Forestry and Fire Protection, California Department of Parks and Recreation, Center for Natural Lands Management, City of Riverside Park and Recreation Department, Metropolitan Water District, Riverside County Environmental Programs Department, Riverside County Habitat Conservation Agency, Riverside County Regional Park and Open-Space District, Riverside Land Conservancy, San Diego State University Field Stations Program, The Nature Conservancy, University of California Riverside, BLM, USFWS Carlsbad Fish and Wildlife Office, USFS, US Navy, US Marine Corps, US Customs and Border Protection, California State Parks","California Department of Fish and Game, California Department of Forestry and Fire Protection, California Department of Parks and Recreation, Center for Natural Lands Management, City of Riverside Park and Recreation Department, Metropolitan Water District, Riverside County Environmental Programs Department, Riverside County Habitat Conservation Agency, Riverside County Regional Park and Open-Space District, Riverside Land Conservancy, San Diego State University Field Stations Program, The Nature Conservancy, University of California Riverside, BLM, USFWS, USFS, US Navy, US Marine Corps, US Customs and Border Protection, California State Parks",20,20,NA,20,20
"11","Fallicambarus gordoni","CAMP SHELBY BURROWING CRAYFISH","Mississippi Army National Guard, USFS, Mississippi Department of Wildlife Fisheries and Parks, USFWS",4,"Mississippi Army National Guard, USFS DeSoto National Forest, Mississippi Department of Wildlife Fisheries and Parks, USFWS Southeast Region","Mississippi Army National Guard, USFS, Mississippi Department of Wildlife Fisheries and Parks, USFWS",4,4,NA,4,4
"12","Synthyris ranunculina","CHARLESTON KITTENTAILS",NA,NA,"","",NA,NA,NA,0,0
"13","Castilleja christii","CHRISTÍS PAINTBRUSH","USFS,  USFWS",2,"USFS Minidoka Ranger District, USFS Sawtooth National Forest, USFWS Snake River Fish and Wildlife office","USFS, USFWS",3,2,NA,3,2
"14","Astragalus oophorus clokeyanus","CLOKEY'S EGGVETCH","Nevada Department of Conservation and Natural Resources, Clark County, USFS, USFWS, BLM, NPS, Nevada Department of Wildlife, Nevada Department of Transportation, Nevada Division of State Parks, U.S. Air Force, Boulder City",11,"Nevada Department of Conservation and Natural Resources, Clark County, USFS, USFWS, BLM, NPS, Nevada Department of Wildlife, Nevada Department of Transportation, Nevada Division of State Parks, U.S. Air Force, Boulder City","Nevada Department of Conservation and Natural Resources, Clark County, USFS, USFWS, BLM, NPS, Nevada Department of Wildlife, Nevada Department of Transportation, Nevada Division of State Parks, U.S. Air Force, Boulder City",11,11,NA,11,11
"15","Rana luteiventris","COLUMBIA SPOTTED FROG - GREAT BASIN DPS",NA,NA,"","",NA,NA,NA,0,0
"16","Rana luteiventris","COLUMBIA SPOTTED FROG - WASATCH FRONT POPULATION",NA,NA,"","",NA,NA,NA,0,0
"17","Rana luteiventris","COLUMBIA SPOTTED FROG - WEST DESERT POPULATION",NA,NA,"","",NA,NA,NA,0,0
"18","Polyctenium williamsiae","COMBLEAF",NA,NA,"","",NA,NA,NA,0,0
"19","Nerodia erythrogaster neglecta","COPPERBELLY WATER SNAKE","Illinois Department of Natural Resources, Indiana Department of Natural Resources, Kentucky Department of Fish and Wildlife Resources, Kentucky Coal Association, Kentucky Coal Country Association, Kentucky Farm Bureau, Kentucky Natural Resources and Environmental Cabinet, Western Kentucky Coal Association, USFWS, Office of Surface Mining Reclamation and Enforcement",10,"Illinois Department of Natural Resources, Indiana Department of Natural Resources, Kentucky Department of Fish and Wildlife Resources, Kentucky Coal Association, Kentucky Coal Country Association, Kentucky Farm Bureau, Kentucky Natural Resources and Environmental Cabinet, Western Kentucky Coal Association, USFWS, Office of Surface Mining Reclamation and Enforcement","Illinois Department of Natural Resources, Indiana Department of Natural Resources, Kentucky Department of Fish and Wildlife Resources, Kentucky Coal Association, Kentucky Coal Country Association, Kentucky Farm Bureau, Kentucky Natural Resources and Environmental Cabinet, Western Kentucky Coal Association, USFWS, Office of Surface Mining Reclamation and Enforcement",10,10,NA,10,10
"20","Cicindela albissima","CORAL PINK SAND DUNES TIGER BEETLE","Utah Division of Parks and Recreation, BLM, USFWS, Kane County",4,"Utah Division of Parks and Recreation, BLM Utah State office, USFWS Utah Field Office, Kane County","Utah Division of Parks and Recreation, BLM, USFWS, Kane County",4,4,NA,4,4
"21","Gila bicolor vaccaceps","COW HEAD TUI CHUB","private landowners of Cow Head Lake Cow Head Slough and California reach of Barrel Creek (four owners all CA signatories), principal permittees on BLM lands within the drainage, California and Modoc County Cattlemen's Associations, the California Farm Bureau Federation, BLM, California Department of Fish and Game",6,"private landowners of Cow Head Lake Cow Head Slough and California reach of Barrel Creek (four owners all CA signatories), principal permittees on BLM lands within the drainage, California and Modoc County Cattlemen's Associations, the California Farm Bureau Federation, BLM Surprise Field Office, California Department of Fish and Game","private landowners of Cow Head Lake Cow Head Slough and California reach of Barrel Creek (four owners all CA signatories), principal permittees on BLM lands within the drainage, California and Modoc County Cattlemen's Associations, the California Farm Bureau Federation, BLM, California Department of Fish and Game",6,6,NA,6,6
"22","Downingia concolor brevior","CUYAMAC LAKE DOWNINGIA","California Department of Fish and Wildlife Natural Heritage Division Endangered plant program",1,"California Department of Fish and Wildlife Natural Heritage Division Endangered plant program,Department of Biology San Diego State University","California Department of Fish and Wildlife Natural Heritage Division Endangered plant program,Department of Biology San Diego State University",1,1,1,2,2
"23","Cymopterus deserticola","DESERT CYMOPTERUS",NA,NA,"","",NA,NA,NA,0,0
"24","Sceloporus arenicolus","DUNES SAGEBRUSH LIZARD","USFWS, BLM, Center of Excellence for Hazardous Materials Management, NRCS, Texas A&M University, Texas Comptroller of Public Accounts, Texas Interagency Task Force on Economic Growth and Endangered Species, Texas Department of Agriculture, Texas Parks and Wildlife Department, Railroad Commission of Texas, University of Texas System - University Lands, Texas Farm Bureau, Texas Oil and Gas Association, Texas Royalty Council, Texas and Southwestern Cattle Raisers Association, Texas Wildlife Association, Texas Association of Business",17,"USFWS Southwest Region, BLM, Center of Excellence for Hazardous Materials Management, NRCS, Texas A&M University, Texas Comptroller of Public Accounts, Texas Interagency Task Force on Economic Growth and Endangered Species, Texas Department of Agriculture, Texas Parks and Wildlife Department, Railroad Commission of Texas, University of Texas System - University Lands, Texas Farm Bureau, Texas Oil and Gas Association, Texas Royalty Council, Texas and Southwestern Cattle Raisers Association, Texas Wildlife Association, Texas Association of Business","USFWS, BLM, Center of Excellence for Hazardous Materials Management, NRCS, Texas A&M University, Texas Comptroller of Public Accounts, Texas Interagency Task Force on Economic Growth and Endangered Species, Texas Department of Agriculture, Texas Parks and Wildlife Department, Railroad Commission of Texas, University of Texas System - University Lands, Texas Farm Bureau, Texas Oil and Gas Association, Texas Royalty Council, Texas and Southwestern Cattle Raisers Association, Texas Wildlife Association, Texas Association of Business",17,17,NA,17,17
"25","Oncorhynchus mykiss aquilarum","EAGLE LAKE TROUT","California Department of Fish and Wildlife, USFS, USFWS",3,"California Department of Fish and Wildlife Northern region, USFS Pacific Southwest Region Eagle Lake Ranger District Lassen national Forest, USFWS Pacific Southwest Region Sacramento Office","California Department of Fish and Wildlife Northern region, USFS, USFWS",3,3,NA,3,3
"26","Pyrgulopsis notidicola","ELONGATE MUD MEADOW SPRINGSNAIL","Nevada Department of Wildlife, NPS, BLM, USFWS, Nevada Natural Heritage Program, The Nature Conservancy, Desert Research Institute",7,"Nevada Department of Wildlife, NPS, BLM, USFWS, Nevada Natural Heritage Program, The Nature Conservancy, Desert Research Institute","Nevada Department of Wildlife, NPS, BLM, USFWS, Nevada Natural Heritage Program, The Nature Conservancy, Desert Research Institute",7,7,NA,7,7
"27","Phrynosoma mcallii","FLAT-TAILED HORNED LIZARD","Anza-Borrego State Park, Arizona Game and Fish, California Department of Fish and Game, California State Parks, Ocotillo Wells, BLM, US Bureau of Reclamation, USFWS, US Marine Corps, US Naval Air Facility, US Navy",11,"California Department of Parks and Recreation Anza Borrego Desert State Park, BLM El Centro, BLM Palm Springs, BLM Yuma District, BLM California Desert District, Bureau of Reclamation Yuma, USFWS Carlsbad Field Office, USFWS Phoenix Field Office, US Marine Corps Air Station Yuma, US Naval Air Facility-El Centro, US Navy SW Division San Diego, Arizona Game and Fish, California Department of Fish and Game, California Department of Parks and Recreation Off-Highway Motor Vehicle Division Ocotillo Wells State Recreational Vehicle Area, California Department of Parks and Recreation Anza Borrego Desert State Park,Reserva de la Biosfera Alto Golfo de California y Delta del Rio Colorado, Reserva de la Biosfera el Pinacate y Gran Desierto de Altar, several ICC agencies","California Department of Parks and Recreation Anza Borrego Desert State Park, BLM, Bureau of Reclamation, USFWS, US Marine Corps, US Navy, Arizona Game and Fish, California Department of Fish and Game, California Department of Parks and Recreation Off-Highway Motor Vehicle Division Ocotillo Wells State Recreational Vehicle Area, California Department of Parks and Recreation Anza Borrego Desert State Park,Reserva de la Biosfera Alto Golfo de California y Delta del Rio Colorado, Reserva de la Biosfera el Pinacate y Gran Desierto de Altar, several ICC agencies",15,10,3,18,13
"28","Ursus americanus floridanus","FLORIDA BLACK BEAR",NA,NA,"","",NA,NA,NA,0,0
"29","Boechera pusilla","FREMONT COUNTY ROCK CRESS",NA,NA,"","",NA,NA,NA,0,0
"30","Dalea tentaculoides","GENTRY'S INDIGOBUSH",NA,NA,"","",NA,NA,NA,0,0
"31","Symphyotrichum georgianum","GEORGIA ASTER","USFWS, Clemson University, Georgia Department of Natural Resources, Georgia Department of Transportation, Georgia Power, Mecklenburg County Park and Recreation North Carolina, NPS, North Carolina Department of Agriculture & Consumer Services Plant Conservation Program, USFS",9,"USFWS, Clemson University, Georgia Department of Natural Resources, Georgia Department of Transportation, Georgia Power, Mecklenburg County Park and Recreation North Carolina, NPS, North Carolina Department of Agriculture & Consumer Services Plant Conservation Program, USFS,Alabama Natural Heritage Program, Georgia Natural Heritage Program, North Carolina Natural Heritage Program, South Carolina Natural Heritage Program, Atlanta Botanical Garden, North Carolina Botanical Garden, State Botanical Garden of Georgia, The Citadel, The Nature Conservancy, Army Corps of Engineers","USFWS, Clemson University, Georgia Department of Natural Resources, Georgia Department of Transportation, Georgia Power, Mecklenburg County Park and Recreation North Carolina, NPS, North Carolina Department of Agriculture & Consumer Services Plant Conservation Program, USFS,Alabama Natural Heritage Program, Georgia Natural Heritage Program, North Carolina Natural Heritage Program, South Carolina Natural Heritage Program, Atlanta Botanical Garden, North Carolina Botanical Garden, State Botanical Garden of Georgia, The Citadel, The Nature Conservancy, Army Corps of Engineers",9,9,10,19,19
"32","Astragalus anserinus","GOOSE CREEK MILKVETCH","BLM, USFWS",2,"BLM, USFWS,Clemson University, Georgia Department of Natural Resources, Georgia Department of Transportation, Georgia Power, Mecklenburg County Park and Recreation North Carolina, NPS, North Carolina Department of Agriculture & Consumer Services Plant Conservation Program","BLM, USFWS,Clemson University, Georgia Department of Natural Resources, Georgia Department of Transportation, Georgia Power, Mecklenburg County Park and Recreation North Carolina, NPS, North Carolina Department of Agriculture & Consumer Services Plant Conservation Program",2,2,7,9,9
"33","Penstemon grahamii","GRAHAM BEARDTONGUE","Uintah County, Rio Blanco County, Utah School and Institutional Trust Lands Administration, Utah Governors Public Lands Policy Coordination Office, Utah Division of Wildlife Resources, BLM, USFWS",7,"Uintah County, Rio Blanco County, Utah School and Institutional Trust Lands Administration, Utah Governors Public Lands Policy Coordination Office, Utah Division of Wildlife Resources, BLM Utah, BLM Colorado, USFWS","Uintah County, Rio Blanco County, Utah School and Institutional Trust Lands Administration, Utah Governors Public Lands Policy Coordination Office, Utah Division of Wildlife Resources, BLM, USFWS",8,7,NA,8,7
"34","Pseudanophthalmus pholeter","GREATER ADAMS CAVE BEETLE","USFWS",1,"USFWS,Southern conservation corporation","USFWS,Southern conservation corporation",1,1,1,2,2
"35","Centrocercus urophasianus","GREATER SAGE-GROUSE - BI-STATE POPULATION",NA,NA,"","",NA,NA,NA,0,0
"36","Centrocercus urophasianus","GREATER SAGE-GROUSE - Columbia basin DPS",NA,NA,"","",NA,NA,NA,0,0
"37","Centrocercus urophasianus","GREATER SAGE-GROUSE -Wherever found",NA,NA,"","",NA,NA,NA,0,0
"38","Horkelia hendersonii","HENDERSON'S HORKELIA","USFS, USFWS",2,"USFWS Oregon State Office, USFS Rouge River National Forest, USFS Nalamath National Forest,Oregon Plant Conservation Program, Oregon Natural Heritage Program","USFWS, USFS,Oregon Plant Conservation Program, Oregon Natural Heritage Program",3,2,2,5,4
"39","Cicindelidia highlandensis","HIGHLANDS TIGER BEETLE",NA,NA,"","",NA,NA,NA,0,0
"40","Pseudanophthalmus holsingeri","HOLSINGER'S CAVE BEETLE",NA,NA,"","",NA,NA,NA,0,0
"41","Pediocactus paradinei","KAIBAB PLAINS CACTUS","USFS, BLM, USFWS",3,"USFS, BLM, USFWS","USFS, BLM, USFWS",3,3,NA,3,3
"42","Stygobromus kenki","KENK'S AMPHIPOD",NA,NA,"","",NA,NA,NA,0,0
"43","Iotichthys phlegethontis","LEAST CHUB","Utah Department of Natural Resources,  BLM, Bureau of Reclamation, Utah Reclamation Mitigation and Conservation Commission, Confederated Tribes of the Goshute Reservation, Central Utah Water Conservancy District, Southern Nevada Water Authority",7,"Utah Department of Natural Resources,  BLM Provo Area Office, Bureau of Reclamation Upper Colorado Region, Utah Reclamation Mitigation and Conservation Commission, Confederated Tribes of the Goshute Reservation, Central Utah Water Conservancy District, Southern Nevada Water Authority,Utah Department of Natural Resources","Utah Department of Natural Resources,  BLM, Bureau of Reclamation, Utah Reclamation Mitigation and Conservation Commission, Confederated Tribes of the Goshute Reservation, Central Utah Water Conservancy District, Southern Nevada Water Authority,Utah Department of Natural Resources",7,7,1,8,8
"44","Pseudanophthalmus catorycetes","LESSER ADAMS CAVE BEETLE","USFWS",1,"USFWS,Southern conservation corporation","USFWS,Southern conservation corporation",1,1,1,2,2
"45","Polites mardon","MARDON SKIPPER",NA,NA,"","",NA,NA,NA,0,0
"46","Oncorhynchus mykiss ssp.","MCCLOUD RIVER REDBAND TROUT","USFWS,  USFS,  California Department of Fish and Game,  John Hancock Mutual Life Insurace Company,  Bob McIntsh (Private landowner),  Sierra Pacific Industries, Hearest Corporation,  Siskiyou County Board of Supervisors",8,"USFWS Sacramento Fish and Wildlife office, USFS Shasta Trinity National Forest,  California Department of Fish and Game,  John Hancock Mutual Life Insurace Company,  Bob McIntsh (Private landowner),  Sierra Pacific Industries, Hearest Corporation,  Siskiyou County Board of Supervisors","USFWS, USFS,  California Department of Fish and Game,  John Hancock Mutual Life Insurace Company,  Bob McIntsh (Private landowner),  Sierra Pacific Industries, Hearest Corporation,  Siskiyou County Board of Supervisors",8,8,NA,8,8
"47","Clarkia lingulata","MERCED CLARKIA","USFS, BLM, California Department of Transportation (caltrans), California Department of Fish and Wildlife, Pacific Gas and Electric",5,"USFS, BLM, California Department of Transportation (caltrans), California Department of Fish and Wildlife, Pacific Gas and Electric","USFS, BLM, California Department of Transportation (caltrans), California Department of Fish and Wildlife, Pacific Gas and Electric",5,5,NA,5,5
"48","Cordylanthus nidularius","MT. DIABLO BIRDÍS-BEAK",NA,NA,"","",NA,NA,NA,0,0
"49","Ambrysus funebris","NEVARES SPRING NAUCORID BUG (=FURNACE CREEK)","Department of Forest and Rangeland Stewardship Colorado State University, Desert Research Institute, NPS",3,"Department of Forest and Rangeland Stewardship Colorado State University, Desert Research Institute, NPS  Death Valley Office,Desert Research Institute, Department of Forest and Rangeland Stewardship Colorado State University","Department of Forest and Rangeland Stewardship Colorado State University, Desert Research Institute, NPS,Desert Research Institute, Department of Forest and Rangeland Stewardship Colorado State University",3,3,2,5,5
"50","Sylvilagus transitionalis","NEW ENGLAND COTTONTAIL","USGS, NRCS, USFWS, Mashpee Wampanoag Tribe, Lyme Land Conservation Trust, American Forest Foundation, Woodcock Limited, WCS Queens Zoo, Wells National Esturarine Research Reserve, Roger Williams Park Zoo, Audubon Connecticut, Connecticut Audubon Society, Open Space Institute, Audubon New York, Quail Forever, Pheasants Forever, Doris Duke Charitable Foundation, Wildlife Conservation Society, Amrican Bird Conservancy, Quality Deer Management Association, Sustainable Forestry Initiative, White Memorial Foundation, National Fish and Wildlife Foundation, Ruffed Grouse Society/American Woodcock Society, National Wild Turkey Federation, Wildlife Management Institute, New Engalnd Cottontail Conservation Initiative, Northeast Forest and Fire Management, Lyme Timber Company, Monterey Preservation Land Trust, Narrow River Land Trust, Nantucket Conservation Foundation, Scarborough Land Trust, Avalonia Land Conservancy, Orenda Wildlife Land Trust, Trustees of Reservations, Berkshire Natural Resources Council, York Land Trust, Becket Land Trust, Trust for Public Land, Massachusetts National Guard, New York Division of Fish Wildlife and Marine Resources, Northeast Association of Fish and Wildlife Agencies, Rhode Island Division of Fish and Wildlife, Connecticute Department of Energy and Environmental Protection, Massachusetts Division of Fisheries and Wildlife, New Hampshire Fish and Game Department, Maine Department of Inland Fisheries and Wildlife, University of Rhode Island College of Envionment and Life Sciences, University of New Hampshire, University of New Hampshire Cooperative Extenson, New Hampshire Fish and Game Department",52,"USGS, NRCS, USFWS, Mashpee Wampanoag Tribe, Lyme Land Conservation Trust, American Forest Foundation, Woodcock Limited, WCS Queens Zoo, Wells National Esturarine Research Reserve, Roger Williams Park Zoo, Audubon Connecticut, Connecticut Audubon Society, Open Space Institute, Audubon New York, Quail Forever, Pheasants Forever, Doris Duke Charitable Foundation, Wildlife Conservation Society, Amrican Bird Conservancy, Quality Deer Management Association, Sustainable Forestry Initiative, White Memorial Foundation, National Fish and Wildlife Foundation, Ruffed Grouse Society/American Woodcock Society, National Wild Turkey Federation, Wildlife Management Institute, New Engalnd Cottontail Conservation Initiative, Northeast Forest and Fire Management, Lyme Timber Company, Monterey Preservation Land Trust, Narrow River Land Trust, Nantucket Conservation Foundation, Scarborough Land Trust, Avalonia Land Conservancy, Orenda Wildlife Land Trust, Trustees of Reservations, Berkshire Natural Resources Council, York Land Trust, Becket Land Trust, Trust for Public Land, Massachusetts National Guard, New York Division of Fish Wildlife and Marine Resources, Northeast Association of Fish and Wildlife Agencies, Rhode Island Division of Fish and Wildlife, Connecticute Department of Energy and Environmental Protection, Massachusetts Division of Fisheries and Wildlife, New Hampshire Fish and Game Department, Maine Department of Inland Fisheries and Wildlife, University of Rhode Island College of Envionment and Life Sciences, University of New Hampshire, University of New Hampshire Cooperative Extenson, New Hampshire Fish and Game Department,EDF","USGS, NRCS, USFWS, Mashpee Wampanoag Tribe, Lyme Land Conservation Trust, American Forest Foundation, Woodcock Limited, WCS Queens Zoo, Wells National Esturarine Research Reserve, Roger Williams Park Zoo, Audubon Connecticut, Connecticut Audubon Society, Open Space Institute, Audubon New York, Quail Forever, Pheasants Forever, Doris Duke Charitable Foundation, Wildlife Conservation Society, Amrican Bird Conservancy, Quality Deer Management Association, Sustainable Forestry Initiative, White Memorial Foundation, National Fish and Wildlife Foundation, Ruffed Grouse Society/American Woodcock Society, National Wild Turkey Federation, Wildlife Management Institute, New Engalnd Cottontail Conservation Initiative, Northeast Forest and Fire Management, Lyme Timber Company, Monterey Preservation Land Trust, Narrow River Land Trust, Nantucket Conservation Foundation, Scarborough Land Trust, Avalonia Land Conservancy, Orenda Wildlife Land Trust, Trustees of Reservations, Berkshire Natural Resources Council, York Land Trust, Becket Land Trust, Trust for Public Land, Massachusetts National Guard, New York Division of Fish Wildlife and Marine Resources, Northeast Association of Fish and Wildlife Agencies, Rhode Island Division of Fish and Wildlife, Connecticute Department of Energy and Environmental Protection, Massachusetts Division of Fisheries and Wildlife, New Hampshire Fish and Game Department, Maine Department of Inland Fisheries and Wildlife, University of Rhode Island College of Envionment and Life Sciences, University of New Hampshire, University of New Hampshire Cooperative Extenson, New Hampshire Fish and Game Department,EDF",52,52,1,53,53
"51","Coccoloba rugosa","NO COMMON NAME",NA,NA,"","",NA,NA,NA,0,0
"52","Hazardia orcuttii","ORCUTTS'S HAZARDIA","City of NCCP, USFWS, City of Carlsbad, City of San Marcos, California Department of Fish and Game, California Resources Agency",6,"City of NCCP, USFWS, City of Carlsbad, City of San Marcos, California Department of Fish and Game, California Resources Agency,Center for Natural Lands Management","City of NCCP, USFWS, City of Carlsbad, City of San Marcos, California Department of Fish and Game, California Resources Agency,Center for Natural Lands Management",6,6,1,7,7
"53","Sidalcea covillei","OWENS VALLEY CHECKERMALLOW",NA,NA,"","",NA,NA,NA,0,0
"54","Pyrgulopsis morrisoni","PAGE SPRINGSNAIL","Arizona Game and Fish Department, USFWS",2,"Arizona Game and Fish Department, USFWS Region 2, Arizona Ecological Services Field Office,unspecified landowners, USGS, NPS, Yavapai County, Verde Watershed Association","Arizona Game and Fish Department, USFWS,unspecified landowners, USGS, NPS, Yavapai County, Verde Watershed Association",3,2,5,8,7
"55","Limnanthes gracilis parishii","PARISH'S MEADOWNFOAM",NA,NA,"","",NA,NA,NA,0,0
"56","Lithobates subaquavocalis","RAMSEY CANYON LEOPARD FROG",NA,NA,"","",NA,NA,NA,0,0
"57","Abronia alpina","RAMSHAW MEADOWS SAND-VERBANA",NA,NA,"","",NA,NA,NA,0,0
"58","Collomia rawsoniana","RAWSONÍS FLAMING TRUMPET",NA,NA,"","",NA,NA,NA,0,0
"59","Lithobates onca","RELICT LEOPARD FROG","USFWS,  Nevada Department of Wildlife",2,"USFWS Southern Nevada Fish and Wildlife Office,  Nevada Department of Wildlife,cooperator (unspecified landowner)","USFWS,  Nevada Department of Wildlife,cooperator (unspecified landowner)",2,2,1,3,3
"60","Oncorhynchus clarkii virginalis","RIO GRANDE CUTTHROAT TROUT","Colorado Parks and Wildlife, New Mexico Department of Game and Fish, USFS, USFWS, Mescalero Apache Nation, Jicarilla Apache Nation, Taos Pueblo, NPS, BLM,  Trout Unlimited, Vermejo Park Ranch, Colorado Division of Parks and Wildlife",12,"Colorado Parks and Wildlife, New Mexico Department of Game and Fish, USFS, USFWS Albuquerque New Mexico Ecological Services Field Office, Mescalero Apache Nation, Jicarilla Apache Nation, Taos Pueblo, NPS, BLM,  Trout Unlimited, Vermejo Park Ranch, Colorado Division of Parks and Wildlife","Colorado Parks and Wildlife, New Mexico Department of Game and Fish, USFS, USFWS, Mescalero Apache Nation, Jicarilla Apache Nation, Taos Pueblo, NPS, BLM,  Trout Unlimited, Vermejo Park Ranch, Colorado Division of Parks and Wildlife",12,12,NA,12,12
"61","Euphydryas anicia cloudcrofti","SACRAMENTO MOUNTAINS CHECKERSPOT BUTTERFLY","Otero County, USFS, USFWS, Village of Cloudcroft",4,"Otero County, USFWS Ecological Services New Mexico Field Office, USFS Lincoln National Forest, Village of Cloudcroft","Otero County, USFWS, USFS, Village of Cloudcroft",4,4,NA,4,4
"62","Lotus argophyllus adsurgens","SAN CLEMENTE ISLAND SILVER HOSACKIA",NA,NA,"","",NA,NA,NA,0,0
"63","Chorizanthe parryi var fernandina","SAN FERNANDO VALLEY SPINEFLOWER","USFWS, Newhall Land Farming Company",2,"USFWS Ventura Fish and Wildlife Office, Newhall Land Farming Company,California Department of Fish and Wildlife","USFWS, Newhall Land Farming Company,California Department of Fish and Wildlife",2,2,1,3,3
"64","Euphilotes pallescens arenamontana","SAND MOUNTAIN BLUE BUTTERFLY",NA,NA,"","",NA,NA,NA,0,0
"65","Dudleya blochmaniae insularis","SANTA ROSA ISLAND DUDLEYA",NA,NA,"","",NA,NA,NA,0,0
"66","Dudleya blochmaniae brevifolia","SHORT-LEAVED DUDLEYA","California Department of Fish and Game, San Diego Gas and Electric Company, USFWS",3,"California Department of Fish and Game, San Diego Gas and Electric Company, USFWS","California Department of Fish and Game, San Diego Gas and Electric Company, USFWS",3,3,NA,3,3
"67","Moxostoma sp 2","SICKLEFIN REDHORSE","North Carolina Wildlife Resources Commission, Duke Energy Carolinas, Eastern Band of Cherokee Indians, Tennessee Valley Authority, Georgia Department of Natural Resources, USFWS",6,"North Carolina Wildlife Resources Commission, Duke Energy Carolinas, Eastern Band of Cherokee Indians, Tennessee Valley Authority, Georgia Department of Natural Resources, USFWS","North Carolina Wildlife Resources Commission, Duke Energy Carolinas, Eastern Band of Cherokee Indians, Tennessee Valley Authority, Georgia Department of Natural Resources, USFWS",6,6,NA,6,6
"68","Lepidium papilliferum","SLICKSPOT PEPPERGRASS","Office of Species Conservation,  Idaho Department of Fish and Game,  Idaho Department of Lands,  Idaho Army National Guard,  Nongovernmental Cooperator Representative,  Nongovernmental Cooperator Representative, BLM, US Air Force",8,"Office of Species Conservation,  Idaho Department of Fish and Game,  Idaho Department of Lands,  Idaho Army National Guard,  Nongovernmental Cooperator Representative, BLM, US Air Force","Office of Species Conservation,  Idaho Department of Fish and Game,  Idaho Department of Lands,  Idaho Army National Guard,  Nongovernmental Cooperator Representative, BLM, US Air Force",7,7,NA,7,7
"69","Potentilla basaltica","SOLDIER MEADOW CINQUEFOIL","BLM,  Nevada Division of Wildlife, USFWS",3,"BLM,  Nevada Division of Wildlife, USFWS","BLM,  Nevada Division of Wildlife, USFWS",3,3,NA,3,3
"70","Urocitellus endemicus","SOUTHERN IDAHO GROUND SQUIRREL","Idaho Department of Fish and Game, Idaho Governor's Office of Species Conservation, USFWS, Soulen Livestock Company Inc. (Soulen Livestock)",4,"Idaho Department of Fish and Game, Idaho Governor's Office of Species Conservation, USFWS, Soulen Livestock Company Inc. (Soulen Livestock)","Idaho Department of Fish and Game, Idaho Governor's Office of Species Conservation, USFWS, Soulen Livestock Company Inc. (Soulen Livestock)",4,4,NA,4,4
"71","Dudleya sp.","SP. NOV. INED. (MUNCHKIN) DUDLEYA",NA,NA,"","",NA,NA,NA,0,0
"72","Paysonia stonensis","STONES RIVER BLADDERPOD",NA,NA,"","",NA,NA,NA,0,0
"73","Eriogonum argophyllum","SULPHUR SPRINGS BUCKWHEAT",NA,NA,"","",NA,NA,NA,0,0
"74","Cirsium rhothophilum","SURF THISTLE",NA,NA,"","",NA,NA,NA,0,0
"75","Pseudanophthalmus inexpectatus","SURPRISING CAVE BEETLE","USFWS, NPS",2,"USFWS, NPS","USFWS, NPS",2,2,NA,2,2
"76","Vulpes velox","SWIFT FOX",NA,NA,"","",NA,NA,NA,0,0
"77","Rorippa subumbellata","TAHOE YELLOW CRESS","California Department of Fish and Wildlife, California State Lands Commission, California Department of Parks and Recreation, California Tahoe Conservancy, League to Save Lake Tahoe, Nevada Division of Forestry, Nevada Division of State Lands, Nevada Division of State Parks, Nevada Natural Heritage Program, Tahoe Lakefront Owners's Association, Tahoe Regional Planning Agency, USFWS, USFS",13,"California Department of Fish and Wildlife, California State Lands Commission, California Department of Parks and Recreation, California Tahoe Conservancy, League to Save Lake Tahoe, Nevada Division of Forestry, Nevada Division of State Lands, Nevada Division of State Parks, Nevada Natural Heritage Program, Tahoe Lakefront Owners's Association, Tahoe Regional Planning Agency, USFWS, USFS","California Department of Fish and Wildlife, California State Lands Commission, California Department of Parks and Recreation, California Tahoe Conservancy, League to Save Lake Tahoe, Nevada Division of Forestry, Nevada Division of State Lands, Nevada Division of State Parks, Nevada Natural Heritage Program, Tahoe Lakefront Owners's Association, Tahoe Regional Planning Agency, USFWS, USFS",13,13,NA,13,13
"78","Castilleja elongata","TALL PAINTBRUSH",NA,NA,"","",NA,NA,NA,0,0
"79","Delphinium variegatum thornei","THORNEÍS ROYAL LARKSPUR",NA,NA,"","",NA,NA,NA,0,0
"80","Calochortus umpquaensis","UMPQUA MARIPOSA LILY","USDA, USFWS, BLM",3,"USDA, USFWS, BLM","USDA, USFWS, BLM",3,3,NA,3,3
"81","Zaitzevia thermae","WARM SPRINGS ZAITZEVIAN RIFFLE BEETLE","USFWS,  Montana State University,  Montana Fish Wildlife and Parks",3,"USFWS Montana Ecological Services Office,  USFWS Bozeman Fish Technology center, Montana State University,  Montana Fish Wildlife and Parks,EPA, Army Corps of Engineers (COE), neighboring land owners","USFWS, Montana State University,  Montana Fish Wildlife and Parks,EPA, Army Corps of Engineers (COE), neighboring land owners",4,3,3,7,6
"82","Urocitellus washingtoni","WASHINGTON GROUND SQUIRREL","Foster Creek Conservation District, Threemile Canyon Farms, The Nature Conservancy, Portland General Electric, USFWS, Washington State Department of Fish and Wildlife, NRCS, Farm Service Agency, Washington State Department of Natural Resources, BLM",10,"Foster Creek Conservation District, Threemile Canyon Farms, The Nature Conservancy, Portland General Electric, USFWS, Washington State Department of Fish and Wildlife, NRCS, Farm Service Agency, Washington State Department of Natural Resources, BLM,South Douglas Conservation District, agricultural landowners and other stakeholders","Foster Creek Conservation District, Threemile Canyon Farms, The Nature Conservancy, Portland General Electric, USFWS, Washington State Department of Fish and Wildlife, NRCS, Farm Service Agency, Washington State Department of Natural Resources, BLM,South Douglas Conservation District, agricultural landowners and other stakeholders",10,10,2,12,12
"83","Polemonium pectinatum","WASHINGTON JACOB'S-LADDER",NA,NA,"","",NA,NA,NA,0,0
"84","Nysius wekiuicola","WEKIU BUG","University of Hawaii",1,"University of Hawaii,Group 70 International Inc","University of Hawaii,Group 70 International Inc",1,1,1,2,2
"85","Delphinium viridescens","WENATCHEE LARKSPUR",NA,NA,"","",NA,NA,NA,0,0
"86","Sonorella macrophallus","WET CANYON TALUSSNAIL","USFS,  USFWS,  Arizona Game and Fish Department",3,"USFS Coronado National Forest Safford Ranger District, USFWS Arizona Ecological Services Field Office,  Arizona Game and Fish Department","USFS, USFWS,  Arizona Game and Fish Department",3,3,NA,3,3
"87","Penstemon scariosus albifluvis","WHITE RIVER BEARDTONGUE","Uintah County, Rio Blanco County,  Utah School and Institutional Trust Lands Administration, Utah Governors Public Lands Policy Coordination Office, Utah Division of Wildlife Resources, BLM, USFWS",7,"Uintah County, Rio Blanco County,  Utah School and Institutional Trust Lands Administration, Utah Governors Public Lands Policy Coordination Office, Utah Division of Wildlife Resources, BLM Vernal Field Office, BLM White River Field Office, USFWS Utah Ecological Services Field Office, USFWS Western Colorado Field Office,USGS, ESMF funds, Uintah County, SITLA, Private entities, Red Butte Garden Red Leaf Resources Inc, Enefit American Oil","Uintah County, Rio Blanco County,  Utah School and Institutional Trust Lands Administration, Utah Governors Public Lands Policy Coordination Office, Utah Division of Wildlife Resources, BLM, USFWS,USGS, ESMF funds, Uintah County, SITLA, Private entities, Red Butte Garden Red Leaf Resources Inc, Enefit American Oil",9,7,7,16,14
"88","Aliciella caespitosa","WONDERLAND ALICE-FLOWER","USFS, NPS, USFWS, BLM",5,"USFS Fishlake National Forest, BLM Utah State Office, BLM Richfield Field Office, BLM Price Field Office, NPS Capitol Reef National Park, USFWS Utah Field Office","USFS, BLM, NPS, USFWS",6,4,NA,6,4
"89","Synthliboramphus hypoleucus","XANTUS'S MURRELET",NA,NA,"","",NA,NA,NA,0,0
"90","Solidago plumosa","YADKIN RIVER GOLDENROD","Alcoa Power Generating Inc, USFWS",2,"Alcoa Power Generating Inc, USFWS Service Asheville Field Office,North Carolina Plant Conservation Program ","Alcoa Power Generating Inc, USFWS,North Carolina Plant Conservation Program ",2,2,1,3,3
"91",NA,NA,NA,NA,"","",NA,NA,NA,0,0
"92",NA,NA,NA,NA,"","",NA,NA,NA,0,0
